<beans xmlns="http://www.springframework.org/schema/beans"
	xmlns:xsi="http://www.w3.org/2001/XMLSchema-instance" xmlns:tx="http://www.springframework.org/schema/tx"
	xmlns:mvc="http://www.springframework.org/schema/mvc" xmlns:context="http://www.springframework.org/schema/context"
	xsi:schemaLocation="http://www.springframework.org/schema/beans http://www.springframework.org/schema/beans/spring-beans.xsd
       http://www.springframework.org/schema/tx http://www.springframework.org/schema/tx/spring-tx.xsd
       http://www.springframework.org/schema/mvc http://www.springframework.org/schema/mvc/spring-mvc.xsd
       http://www.springframework.org/schema/context http://www.springframework.org/schema/context/spring-context.xsd">
   <mvc:annotation-driven /> 
   <context:component-scan base-package="com.app.controller" />
    <context:component-scan base-package="com.app.dao" />
     <context:component-scan base-package="com.app.service" />
<tx:annotation-driven transaction-manager="transactionManager" />
<bean id="dataSource"
		class="org.springframework.jdbc.datasource.DriverManagerDataSource"> 
    <property name="driverClassName" value="com.mysql.jdbc.Driver" />  
    <property name="url"  value="jdbc:mysql://localhost:3306/image?createDatabaseIfNotExist=true" />  
    <property name="username" value="root" />  
    <property name="password" value="root" />  
</bean>  

<!-- Hibernate ko SessionFactory Bean definition part -->  
<bean id="hibernate5AnnotatedSessionFactory"  
         class="org.springframework.orm.hibernate5.LocalSessionFactoryBean">  
    <property name="dataSource" ref="dataSource" />  
        <property name="annotatedClasses">  
        <list>  
            <value>com.app.pojo.FileModel</value>  
        </list>  
    </property>  
    <property name="hibernateProperties">  
        <props>  
             <prop  key="hibernate.dialect">org.hibernate.dialect.MySQL5Dialect  </prop>  
            <prop key="hibernate.show_sql">true</prop> 
            <prop key="hibernate.hbm2ddl.auto">update</prop> 
        </props>  
    </property>  
</bean>  
 <bean id="multipartResolver"
        class="org.springframework.web.multipart.commons.CommonsMultipartResolver">
       
        <property name="maxUploadSize" value="20971520" /> 
        
    
        <property name="maxInMemorySize" value="1048576" /> 

    </bean>

<bean id="transactionManager"      class="org.springframework.orm.hibernate5.HibernateTransactionManager">  
    <property name="sessionFactory"  ref="hibernate5AnnotatedSessionFactory" />  
</bean> 
</beans>